671206.0759,372154.362,354575.3601,220029.1643,138560.6328,88816.98838,47234.66531,28013.56216,0.390779,0.206435,0.528266,0.070373,S0
627647.738,360485.6609,354388.7178,222738.8691,139624.4882,85478.68607,46652.08789,27293.9919,0.3939885,0.2236515,0.567342,0.0746235,S0
686983.0036,355851.4,357595.7025,225100.39,154179.0389,88679.38885,70156.3508,37857.88202,0.430500667,0.224935,0.528834333,0.098225,S0
798994.7086,397951.6227,399275.6085,240146.0286,174218.6508,91822.35759,77008.53879,40975.48155,0.4346105,0.220316,0.51211075,0.09515825,S0
859069.8088,434801.6899,426540.8928,249139.5683,187204.3263,95903.2842,79867.84069,42681.06009,0.4369886,0.219759,0.5071266,0.092737,S0
851414.6398,413974.406,446177.0146,248950.8065,186606.5933,98166.86443,79962.31659,42710.92725,0.420375667,0.220768167,0.534180833,0.093767333,S0
873047.3028,434398.1695,433237.4213,244568.5391,180858.5543,96401.17533,76283.90313,40979.42893,0.419124143,0.210080571,0.508525286,0.088094857,S0
890170.755,439497.6967,441075.1547,254833.2471,184945.1196,98492.67433,75820.37252,41882.43367,0.4205585,0.210249125,0.506336125,0.086064875,S0
876890.0677,430479.8169,430399.4277,250109.3795,181308.2634,98249.94219,72357.7748,40045.49808,0.422852667,0.208834111,0.499817556,0.082940778,S0
846954.8553,421940.9289,421182.3749,246996.5187,177680.7354,97900.0493,69506.18162,38571.14185,0.4234475,0.213063,0.5083997,0.0822379,S0
823388.2191,414641.8629,413757.8473,244374.065,174250.0715,96595.4583,67289.14869,37446.59119,0.422424,0.215340182,0.514697545,0.081740727,S0
803720.1239,408638.7322,406900.229,242011.0711,170538.151,95662.36221,65210.3989,36345.75544,0.419831417,0.215797333,0.518832917,0.080936583,S0
787211.0997,403100.3929,400583.5621,240021.3508,167504.9986,94802.05037,63477.35843,35443.37203,0.418588692,0.216317077,0.521331846,0.080283846,S0
778686.3593,398419.3497,396882.4688,238261.2445,165013.578,94116.47577,61940.26346,34632.13825,0.415851429,0.215050214,0.521394857,0.079036714,S0
765164.3908,393617.6037,392498.2415,236733.5651,162929.4753,93281.86245,60650.45728,33928.10262,0.415057267,0.216197933,0.524968667,0.0786986,S0
753330.9985,389802.2433,389107.0485,235306.1051,161271.9146,92918.21742,59540.90739,33362.16347,0.414321813,0.217491188,0.52887025,0.078436,S0
742612.5367,386243.8993,385224.3804,234033.3783,159607.9556,92404.86301,58521.33306,32800.38648,0.414160941,0.218394647,0.531038824,0.078169471,S0
732980.1369,383073.316,381817.6929,232908.5032,158073.4399,91897.04632,57630.50741,32328.4995,0.413790167,0.219143222,0.533149,0.077973333,S0
724648.6438,380094.1639,378871.6854,232110.418,156698.4345,91518.25626,56859.25403,31954.76438,0.413324579,0.219693684,0.534930526,0.077805421,S0
717062.3673,377681.494,376142.7967,231169.1531,155444.4919,91052.33226,56119.85876,31557.93569,0.4129516,0.22019565,0.5364857,0.0775868,S0
710262.9581,375234.5481,373943.2493,230505.126,154389.8328,90537.19904,55448.71641,31208.81156,0.412524762,0.220763143,0.538298524,0.077377,S0
703880.6298,373124.7639,371658.1588,229754.1238,153306.2361,90242.22722,54824.95988,30905.85563,0.412107455,0.221141909,0.539648227,0.077188182,S0
698132.4548,371316.6525,369607.381,229048.5695,152389.0075,89930.4081,54275.50452,30616.72712,0.411904478,0.221582217,0.540864217,0.077040739,S0
693114.2383,369333.7662,367688.5818,228372.9504,151480.6848,89738.24471,53783.88865,30360.47094,0.411558708,0.221768458,0.541664917,0.076894375,S0
688227.8501,367650.0405,365922.9552,227783.814,150683.6872,89538.24336,53352.60129,30130.01448,0.41136052,0.22211428,0.54266548,0.0768312,S0
683669.2542,366147.8026,364339.1314,227250.0818,149940.1093,89296.02622,52923.37708,29920.91034,0.411095692,0.222439077,0.543717615,0.076724654,S0
679441.8904,364788.0517,362918.9319,226666.8264,149228.0967,89159.87998,52517.68114,29697.45904,0.410720889,0.222701148,0.544779556,0.076612333,S0
675527.06,363501.7292,361549.387,226266.2562,148566.2494,89005.84724,52135.8761,29496.63693,0.410433464,0.222939036,0.545665893,0.076497714,S0
671890.633,362360.2085,360389.2987,225761.1415,148011.3209,88838.78691,51785.28855,29316.38414,0.410211517,0.223264621,0.546684448,0.076398483,S0
668480.8875,361233.7215,359214.6861,225345.4254,147438.2107,88729.29282,51466.2288,29140.55325,0.4099488,0.223478033,0.547489733,0.076322233,S0
665084.8188,359839.8417,358230.2874,225136.1167,147176.6679,88596.80057,51291.66728,29015.9899,0.410327633,0.224250067,0.548911833,0.0764354,S0
664755.6988,359178.7728,357337.5145,224681.9936,146923.6496,88747.59908,51159.29312,28935.56681,0.4106379,0.2239475,0.547704633,0.076250067,S0
657013.1429,358551.0522,355952.259,224215.7693,145223.0733,88308.25931,48663.11691,27777.57737,0.407527167,0.224053667,0.5513898,0.0738604,S0
638225.0013,352048.8658,349342.8674,221825.5178,141738.3442,87763.40755,46806.15935,26901.80713,0.405899333,0.224743667,0.555011867,0.073436933,S0
620574.2932,343591.9541,342345.1917,219432.4013,138171.8721,86819.57024,45174.90321,26074.14033,0.404542133,0.225222933,0.557822367,0.0731468,S0
612542.2538,344152.8622,335013.9223,218279.7694,136391.9903,85965.13042,43939.36519,25455.33562,0.406678367,0.2252821,0.554407,0.072376033,S0
598138.6007,336527.2695,333967.957,218083.6842,135911.4677,85937.43223,43525.88986,25244.06531,0.4065242,0.228123667,0.561523167,0.073015867,S0
583556.093,331948.8186,328242.6123,214335.9521,133173.9785,85079.73489,42532.82554,24449.75426,0.405684667,0.228727433,0.564029167,0.0731115,S0
576901.0923,331022.0885,327562.8979,214351.9854,132465.8155,84684.88862,42477.4797,24433.20877,0.404426933,0.229789267,0.5680564,0.073689933,S0
576637.1529,330609.411,327105.6193,214168.2364,132052.7724,84364.95189,42490.38166,24436.02914,0.403758367,0.2291805,0.567525,0.073747733,S0
576164.3941,330314.1853,326733.945,214127.5367,131783.5872,84496.51797,42529.01603,24382.64255,0.403405167,0.228907433,0.567353133,0.073878367,S0
575874.2291,330077.3045,326724.2623,214069.5543,132383.0549,84371.78333,42899.35246,24547.07785,0.4052267,0.230054133,0.567619367,0.0745545,S0
575349.2841,330069.5258,326717.3598,213952.1603,132371.6512,84410.78656,42892.58887,24520.11118,0.405200133,0.230238,0.5681121,0.074609033,S0
572113.5573,329804.5117,325902.7458,213853.71,132356.6413,84357.39722,42895.74367,24528.63361,0.406108967,0.231337433,0.569645267,0.0749707,S0
571983.7081,329829.9132,325766.8215,213774.3122,132243.2658,84454.30249,42886.17049,24532.93912,0.4059302,0.231191933,0.569538167,0.074970733,S0
571826.0247,329750.0411,325408.6406,213803.9631,132123.0373,84279.3451,42904.01005,24508.30777,0.406004167,0.231046833,0.569073167,0.075022533,S0
572053.8092,329640.2947,325590.2699,213755.8444,132216.1473,84328.48415,42920.57919,24528.59337,0.406060033,0.231116167,0.569164467,0.075022067,S0
572513.4943,329843.0004,325648.1422,213893.4852,132568.7694,84390.81759,43154.92008,24595.16035,0.407070467,0.231538167,0.568815067,0.075365133,S0
572345.1428,330056.3296,325698.4901,213732.4513,132701.8623,84343.13992,43146.32602,24572.38495,0.407414767,0.2318397,0.569071033,0.075372167,S0
572377.2121,330009.9957,325742.1148,213829.5881,132735.1567,84582.65228,43194.15779,24618.73617,0.407462633,0.2318849,0.5691154,0.0754514,S0
572220.0653,330187.6464,325624.4248,213698.003,132775.1625,84666.84032,43210.70135,24625.64176,0.407730833,0.232019167,0.5690673,0.075500633,S0
572195.2311,330270.0497,325848.2716,213733.4007,132774.9678,84717.98026,43329.40203,24640.09121,0.407456967,0.232028833,0.569485433,0.0757124,S0
572393.8194,330535.6435,326475.8045,214094.9495,132921.8557,84919.02653,43435.38093,24715.39292,0.407140067,0.2322036,0.570376667,0.0758705,S0
572239.4725,330736.109,326541.6355,214158.5807,133035.7221,84855.72239,43424.37303,24713.59587,0.407408233,0.2324632,0.5706424,0.0758711,S0
572475.7692,330897.3445,326705.2226,214099.964,133059.598,84874.59383,43383.44959,24687.80441,0.4072784,0.2324103,0.570693733,0.075769533,S0
572464.0578,330932.8154,326705.3174,214039.2616,133043.7719,84935.80245,43386.548,24679.85584,0.407229567,0.232387267,0.570705633,0.0757765,S0
572477.1876,330919.9023,326623.78,214105.3825,133058.3428,84958.96976,43391.68249,24688.1092,0.407375667,0.232407533,0.5705494,0.0757838,S0
572475.1338,330899.9573,326595.7817,214021.0017,133091.7495,84941.76026,43413.65595,24683.78163,0.4075137,0.232466967,0.570502333,0.075822633,S0
572470.2679,330866.4022,326518.754,214059.2808,133044.9565,84930.21955,43423.76233,24688.5241,0.407465567,0.232386833,0.5703721,0.075841,S0
572501.7208,330862.9305,326528.1662,214038.4346,133073.0401,84897.12534,43413.91577,24690.94285,0.407540233,0.2324234,0.5703571,0.075819667,S0
572730.2332,330980.2715,326530.849,214062.3569,133111.5766,84824.44777,43421.79638,24687.81555,0.407655467,0.2323992,0.5701353,0.0758041,S0
572977.6787,330834.064,326503.7269,214117.4733,133059.1064,84651.56715,43408.09745,24680.15106,0.407528567,0.232210367,0.5698461,0.075749367,S0
572960.6256,330823.8295,326596.9158,214077.3337,133029.6923,84789.81718,43407.90809,24688.60866,0.4073206,0.2321659,0.5700255,0.075751233,S0
573352.0584,330689.8249,326820.3834,214103.5292,133059.9884,84684.4467,43421.37606,24693.46928,0.4071443,0.2320654,0.5700257,0.075725167,S0
575944.6728,332202.0256,328070.5314,214597.5596,133357.4675,85073.98495,43485.24208,24716.93045,0.4065666,0.231596333,0.5696682,0.075526167,S0
577677.8156,334170.5867,328905.9853,214615.7887,133498.2409,85294.69056,43502.27336,24723.89304,0.406009867,0.231189933,0.569432333,0.075342967,S0
579501.121,334864.3124,329907.7126,214851.1724,133796.7414,85508.48196,43600.52904,24764.87302,0.405701633,0.230993167,0.5693779,0.0752865,S0
581229.536,336574.902,330672.0748,215242.2364,133820.3827,85287.59035,43655.86545,24827.7723,0.404877,0.230395633,0.5690348,0.075168267,S0
582588.5752,336842.1509,331224.28,215726.8456,133945.0691,85323.93113,43678.02722,24844.23044,0.4045894,0.2300899,0.568674533,0.075037233,S0
584496.307,337564.1277,332146.7971,215647.8406,134100.6146,85514.11166,43725.75218,24887.06442,0.4039604,0.229629367,0.5684124,0.074877067,S0
584522.0738,337657.0303,332088.3406,215596.0343,134052.6593,85459.39946,43574.54135,24843.33434,0.403885433,0.229535533,0.5682849,0.074610167,S0
584249.1182,337533.4688,331892.5256,215564.3288,133500.8931,85526.93061,43217.32055,24683.47327,0.402457733,0.228690433,0.5682155,0.0740282,S0
584136.6684,337269.1294,331901.9023,215558.6808,133540.6973,85542.0385,43204.69014,24691.17767,0.402568633,0.228805267,0.568343633,0.074020633,S1
584110.1782,337216.7849,331918.2414,215563.6166,133524.9075,85620.46179,43203.23136,24683.99517,0.402499533,0.2287883,0.5683987,0.0740215,S1
584025.9599,337283.3391,331853.5854,215538.5794,133563.1558,85652.91507,43204.41037,24688.59846,0.402696433,0.2288892,0.568369733,0.074034533,S1
583978.4587,337244.0719,331752.2229,215451.2647,133493.7925,85758.39168,43161.31201,24699.97884,0.402609333,0.228786833,0.568239633,0.073965233,S1
583718.5193,337304.6054,331635.5636,215451.6221,133346.7711,85730.54661,43145.22295,24686.23299,0.402305367,0.228636067,0.5682942,0.0739707,S1
583284.5425,337088.7386,331580.554,215353.5193,132977.5313,85666.32358,42891.93325,24623.63016,0.401240033,0.228174467,0.568622967,0.073591,S1
583276.1251,336968.2344,331477.9003,215407.2755,132788.7012,85704.22194,42860.04339,24606.55845,0.400789167,0.227846333,0.568451167,0.0735361,S1
583129.9167,336924.3881,331467.2858,215279.3772,132817.537,85514.15902,42809.23959,24571.18829,0.400891133,0.2279563,0.5685782,0.073466367,S1
583112.6858,336880.7176,331366.9773,215274.4378,132778.4889,85603.01734,42784.59601,24558.74239,0.4008982,0.227894833,0.568419267,0.073425333,S1
583131.5434,336800.7583,331133.056,215229.1237,132839.0038,85549.42743,42681.82474,24536.36429,0.401371167,0.227993467,0.5679894,0.0732423,S2
582891.2158,336421.7382,330486.9977,214848.4821,132658.4474,85421.63275,42584.15954,24467.80111,0.401607433,0.2277766,0.5671072,0.073104167,S2
582815.3701,336351.3709,330467.3545,214770.1064,132576.0773,85412.37784,42577.19648,24458.79595,0.401378833,0.227663333,0.567148267,0.073101733,S2
582542.3842,336226.5943,330300.0596,214820.5124,132576.8789,85360.88196,42598.10906,24476.6834,0.4015896,0.227774367,0.5671269,0.073173033,S2
582567.1258,336178.635,330272.7655,214926.4423,132563.7185,85353.63683,42593.56792,24465.89831,0.4015829,0.2277413,0.567054267,0.073161833,S2
582545.7818,336189.9764,330392.026,214872.3454,132537.1171,85317.67724,42583.24303,24467.76534,0.4013538,0.2277032,0.567285033,0.073146467,S2
582550.1788,336180.7536,330389.4658,214893.3627,132528.6346,85325.45223,42569.21619,24486.83928,0.4013308,0.227686533,0.567276133,0.0731213,S2
582551.1608,336147.175,330338.4049,214916.1311,132514.2241,85349.2984,42560.38493,24486.49721,0.401349733,0.227660867,0.567185533,0.0731057,S2
582528.6936,336239.9031,330312.507,214911.0354,132519.9778,85337.77882,42581.77321,24493.14848,0.401399733,0.227680067,0.5671626,0.073146133,S2
582812.9623,335917.0958,330263.8698,214887.5306,132461.9852,85401.86087,42574.91226,24499.17218,0.4012815,0.227469633,0.5668051,0.073098733,S2
582451.0866,336035.1683,330181.0401,214896.2354,132473.207,85470.72568,42584.725,24491.30266,0.401419033,0.227632667,0.567015967,0.073161367,S2
582313.8042,336151.7617,330146.0024,214853.9686,132455.0864,85401.23837,42572.83897,24478.81633,0.4014068,0.227656167,0.5670914,0.073158267,S2
581869.5008,336289.6543,329875.1681,214820.177,132483.1745,85501.07076,42573.52722,24481.77616,0.401821067,0.227880233,0.567061,0.073215967,S2
579307.1592,334747.1807,328521.3451,214377.8398,132163.0006,85126.6112,42505.18691,24446.50903,0.402458833,0.228297233,0.567206567,0.0734032,S2
577507.2183,332831.3967,327721.3733,214360.8599,132023.6214,84882.20778,42438.5468,24440.58639,0.4029761,0.228732733,0.5675711,0.073508267,S2
576004.3849,332299.4903,326720.6735,214151.7544,131695.9463,84635.731,42352.24236,24396.0271,0.403193067,0.228751567,0.567313633,0.073544867,S2
574256.5759,330162.877,326031.8926,213668.5213,131654.1597,84731.30655,42269.90105,24320.78669,0.403868267,0.229325167,0.5678081,0.0736184,S2
572858.0976,329840.3094,325435.2135,213204.5599,131540.6645,84717.52879,42219.59869,24271.44064,0.404246,0.229666433,0.568129667,0.073705267,S2
570961.7511,328976.6627,324485.8101,213304.3932,131337.1693,84480.09949,42104.7679,24184.69017,0.404760833,0.2300382,0.568333233,0.073746167,S1
570824.3055,328745.6709,324371.9003,213265.6165,131370.4091,84428.28864,42108.04807,24217.42056,0.405004433,0.230151233,0.568270567,0.073769433,S1
571154.6916,328614.0242,324349.2712,213288.2877,131380.6038,84512.44388,42085.70555,24207.95021,0.405063933,0.230037967,0.567906967,0.073688267,S1
571368.8164,328391.0591,324317.9491,213326.5452,131342.2045,84497.33742,42088.23505,24215.27688,0.404984667,0.229885333,0.5676409,0.073665233,S1
571714.1649,327998.8091,324310.1958,213329.4358,131364.8069,84497.9079,42115.22119,24235.81058,0.405063967,0.2297868,0.567288467,0.073667867,S1
571869.544,327913.5993,324356.1206,213339.0351,131399.8292,84510.82839,42142.88953,24253.80152,0.405114367,0.2297853,0.567213933,0.073695933,S1
571866.5171,327907.6242,324353.1722,213354.5624,131394.2254,84468.2689,42136.29554,24250.54553,0.405100767,0.229776667,0.567211767,0.073684733,S1
571853.1013,327939.9634,324290.0565,213410.9854,131412.0095,84486.15182,42129.87016,24263.31,0.405234733,0.2298133,0.5671144,0.0736752,S1
571854.1674,327916.2289,324304.0959,213345.0861,131412.8647,84528.61568,42138.59666,24251.5033,0.4052198,0.229814367,0.567137967,0.073690367,S1
571864.1879,327900.9198,324308.426,213301.5248,131436.8945,84528.62435,42155.02354,24259.08358,0.4052885,0.229852533,0.567135567,0.0737179,S1
571884.3308,327860.3146,324319.3191,213342.6314,131335.402,84572.44215,42169.2463,24264.4264,0.404963067,0.2296662,0.5671345,0.073740233,S1
571913.7597,327793.05,324340.102,213342.1539,131279.2388,84502.82408,42175.39022,24282.84448,0.4047633,0.229555567,0.5671416,0.0737472,S1
571922.2722,327775.9675,324351.2573,213323.5218,131225.6544,84530.2658,42175.3721,24279.84494,0.404583633,0.229458067,0.5671527,0.073746033,S1
571900.8548,327785.7296,324364.4297,213324.2663,131213.2629,84524.15476,42159.81666,24287.05962,0.404528967,0.229444967,0.567197167,0.073721533,S1
571865.6195,327813.8809,324339.1628,213339.2675,131227.9949,84572.85284,42168.47305,24281.18919,0.404605967,0.2294851,0.567188033,0.073741267,S1
571858.7153,327826.2814,324374.2812,213318.1286,131190.7767,84580.91418,42152.88342,24275.95016,0.404447,0.229422567,0.567256567,0.073714833,S1
571859.673,327813.8665,324387.0739,213252.4185,131191.4032,84566.10711,42145.38342,24284.74094,0.404433067,0.229423267,0.567278067,0.073701567,S1
571873.2702,327801.4248,324258.9121,213297.2374,131260.6468,84507.77691,42161.0394,24285.00975,0.404805233,0.229539367,0.5670394,0.0737273,S1
571863.3575,327835.1586,324278.1359,213266.6309,131259.4363,84504.25148,42162.36407,24292.53205,0.404777433,0.229541267,0.567083033,0.0737309,S1
571880.0929,327808.2137,324268.8896,213270.0235,131255.9242,84517.24246,42166.90158,24270.83974,0.4047781,0.229528367,0.567050167,0.073736667,S1
571887.7555,327704.5736,324257.3889,213288.079,131203.4512,84510.86149,42148.15381,24271.47139,0.4046307,0.2294332,0.567022333,0.073702767,S1
571394.9756,327869.5365,324272.4835,213246.4823,131236.5155,84463.73142,42153.94509,24269.97425,0.404714,0.229683633,0.567527433,0.0737751,S1
571340.9556,327910.4044,324273.4353,213216.2539,131209.7787,84489.73125,42158.53183,24289.62332,0.404630333,0.229658567,0.567583,0.073790133,S1
571375.2006,327824.9745,324240.6263,213235.3763,131221.6226,84506.58559,42171.31601,24298.93761,0.404707967,0.229665533,0.567491167,0.073808133,S1
571372.0985,327796.7089,324219.1294,213237.9607,131215.659,84481.0631,42172.05953,24292.94311,0.404716433,0.2296563,0.567456533,0.073809867,S1
571342.7572,327818.9745,324287.0502,213159.4218,131201.1468,84523.58642,42163.91015,24287.24498,0.404586467,0.2296427,0.5676048,0.073799367,S1
571319.315,327840.4871,324245.7424,213145.7839,131214.4051,84560.54199,42176.25497,24284.26256,0.404678333,0.2296754,0.567555733,0.073824067,S1
570961.7276,327698.3745,324278.7862,213100.6324,131197.4898,84577.25268,42171.91543,24289.0104,0.404585267,0.229787467,0.567964467,0.073862067,S1
570886.8317,327811.2571,324204.5475,213143.2068,131208.636,84590.20813,42169.49099,24302.26163,0.404711433,0.2298371,0.567909167,0.073867467,S1
570867.398,327843.4938,324230.6416,213132.0818,131200.6544,84530.40758,42166.66147,24321.11353,0.4046541,0.229830933,0.567974367,0.073865033,S1
570856.5143,327849.4223,324243.129,213106.5736,131188.0816,84539.46152,42156.14695,24326.78538,0.404599667,0.229813233,0.568007133,0.073847967,S1
570854.0203,327833.0992,324269.0143,213069.8892,131193.2337,84485.43691,42167.54492,24320.70544,0.404583067,0.2298233,0.568055,0.073868267,S1
570495.4615,327855.3356,324234.6023,213063.7291,131204.3678,84388.14386,42170.9325,24328.15732,0.404660533,0.2299854,0.568346667,0.073919833,S1
570274.9264,328085.7831,324222.5861,213042.1734,131231.5329,84338.53735,42172.90515,24328.00592,0.4047595,0.230120933,0.5685431,0.0739516,S1
569936.3543,328476.119,324195.4184,213069.6004,131178.8478,84274.3218,42152.91153,24317.81897,0.404631,0.230163967,0.568827533,0.073960367,S1
569795.5978,328530.0929,324112.7874,213075.9902,131133.7176,84192.82548,42123.20909,24300.89328,0.404595233,0.2301418,0.568823,0.0739268,S1
569791.8724,328559.9799,324082.7456,213090.9363,131139.8306,84217.44759,42124.46759,24295.49647,0.4046515,0.230154033,0.568773967,0.0739295,S1
569825.6234,328535.8203,324110.0504,213062.4025,131084.5586,84212.24165,42118.11245,24298.22501,0.4044465,0.230043533,0.568788267,0.073914,S1
569831.2438,328555.7197,324095.1353,213073.7989,131062.0959,84233.13846,42118.66895,24298.6312,0.404395833,0.230001867,0.5687565,0.073914267,S1
569864.7427,328540.6548,324061.6609,213094.5228,131058.1956,84184.30698,42111.26013,24303.27865,0.404425567,0.229981533,0.5686644,0.073896933,S1
569822.9821,328638.0697,324010.3502,213072.4527,131068.1549,84164.08982,42097.2456,24298.54733,0.404519733,0.230015867,0.568616133,0.073877767,S1
569802.0133,328677.8888,324006.4742,213051.4755,131064.33,84211.75564,42101.46178,24288.96659,0.404512767,0.230017667,0.568630267,0.0738879,S1
569806.0122,328709.3037,324010.5011,213060.8258,131055.4504,84191.48125,42096.02678,24290.41968,0.404480333,0.230000467,0.568633367,0.073877867,S1
569816.114,328728.9993,323974.8879,213060.181,131070.4515,84184.35486,42094.14537,24266.45821,0.4045712,0.2300227,0.568560833,0.073873267,S1
569806.0098,328773.742,323974.7625,213059.7053,131009.4929,84181.77648,42090.05427,24276.38249,0.4043833,0.229919767,0.5685707,0.0738674,S1
569816.2109,328756.7099,323993.7836,213062.0589,130989.8569,84149.33731,42093.81376,24279.75879,0.404299233,0.2298812,0.568593867,0.073872667,S1
569804.5372,328784.4874,323999.215,213040.4538,130995.1142,84137.30391,42092.87996,24276.94162,0.4043087,0.229895133,0.568615033,0.073872533,S1
569806.0159,328763.7515,324015.8312,213044.8361,130957.8341,84163.87786,42085.14974,24285.24401,0.404172533,0.2298291,0.5686427,0.073858767,S1
569803.5873,328757.2669,324003.0445,213068.5984,130956.7661,84130.27709,42093.54179,24277.62546,0.404185233,0.2298282,0.5686227,0.0738738,S1
569803.4893,328751.5811,324055.2594,213041.7422,130980.2363,84094.72101,42100.99636,24298.65208,0.4041927,0.2298694,0.568714333,0.0738869,S1
569791.5563,328779.6526,324034.2043,213059.752,131012.9106,84092.75477,42097.69061,24291.33501,0.404319767,0.229931533,0.568689267,0.073882633,S1
569784.1448,328779.9168,324023.0043,213075.6389,131040.057,84169.4942,42096.15223,24287.97617,0.4044176,0.2299822,0.568677,0.0738809,S1
569836.5151,328792.6939,324090.851,213074.9304,131045.3121,84195.16001,42094.29875,24286.76265,0.4043496,0.2299703,0.568743633,0.073870867,S1
569847.4365,328790.1837,324124.6806,213052.783,131037.9575,84152.27647,42098.56715,24289.13398,0.404284533,0.229953,0.5687921,0.073876933,S1
569891.3647,328745.935,324098.3316,213074.1419,131048.7763,84251.52582,42085.55661,24281.86162,0.404351067,0.229954233,0.568702233,0.073848433,S1
569887.5368,328752.2654,324080.112,213091.6281,131068.1522,84207.242,42092.51729,24287.0899,0.404433533,0.229989767,0.5686741,0.073861167,S1
569895.1264,328741.9508,324058.1311,213117.1944,131106.2437,84139.62986,42102.74371,24308.24093,0.404578633,0.230053567,0.568627933,0.073878133,S1
569900.5571,328736.3413,324007.879,213191.8264,131132.1427,84175.29707,42099.85746,24299.03349,0.404720933,0.230096833,0.5685343,0.073872367,S1
569896.1207,328750.0615,324003.4319,213194.7271,131138.6967,84177.30624,42107.69622,24295.61304,0.4047467,0.230110133,0.568530933,0.0738867,S1
569894.1789,328743.0782,323990.5376,213213.9484,131156.3956,84189.49611,42104.93624,24292.85526,0.4048175,0.230142,0.5685102,0.0738821,S1
569859.7611,328822.5916,324013.2216,213215.7238,131164.1605,84188.36047,42110.04297,24284.17317,0.4048132,0.230169567,0.568584533,0.073895533,S1
569838.6464,328843.608,324033.7341,213206.7325,131166.3474,84242.28163,42115.39426,24286.33156,0.404794267,0.230181967,0.568641633,0.0739077,S1
569853.8689,328835.1395,324060.3127,213152.1352,131154.8113,84294.37796,42117.61034,24277.76397,0.404725333,0.230155533,0.568673067,0.073909633,S1
569860.5682,328825.461,324070.7808,213161.879,131151.141,84283.72966,42126.29585,24280.92078,0.404700833,0.230146367,0.568684733,0.073924,S1
569841.6236,328850.8901,324097.3339,213143.4382,131208.4066,84228.7883,42135.42701,24287.51333,0.404844233,0.230254533,0.568750233,0.073942467,S1
569844.1844,328852.7919,324105.2359,213161.8223,131201.5099,84286.35717,42120.31287,24280.90937,0.4048131,0.2302414,0.568761533,0.073915633,S1
569846.5875,328833.101,324129.5673,213141.1926,131213.0718,84256.73617,42121.51901,24291.657,0.404818433,0.230260733,0.568801867,0.073917433,S1
569772.718,328957.0232,324141.6203,213147.5626,131255.4107,84205.81148,42131.93213,24285.13942,0.404934033,0.230364833,0.568896833,0.073945267,S1
569732.3732,329001.4939,324145.2882,213119.7232,131278.9901,84177.65621,42140.77047,24298.03793,0.405002233,0.230422533,0.568943567,0.073966033,S1
569711.9052,329004.8545,324157.521,213107.7076,131296.0347,84202.18962,42150.43863,24300.47023,0.4050396,0.230460667,0.568985367,0.073985633,S1
569729.6384,328939.6306,324136.4438,213131.2009,131324.2285,84208.05212,42151.42977,24291.77044,0.405153033,0.230503,0.5689306,0.073985067,S1
569756.1688,328905.101,324165.0228,213102.8709,131339.9692,84180.27742,42153.89392,24295.68795,0.4051658,0.230519867,0.568954267,0.073985933,S1
569746.5466,328869.6652,324250.3143,213026.5052,131345.8286,84206.68244,42153.54162,24302.74496,0.405078467,0.230534033,0.569113533,0.073986567,S1
569732.3552,328854.1776,324308.2171,213020.9833,131323.3703,84196.54372,42149.17289,24304.20188,0.404937,0.230500333,0.5692293,0.0739807,S1
569749.8813,328811.4074,324290.8207,213088.6828,131320.4727,84240.68108,42149.65383,24295.5173,0.404949633,0.2304882,0.569181267,0.073979267,S1
569738.3561,328832.2601,324253.501,213093.7157,131354.341,84310.36489,42154.85773,24284.63217,0.4051005,0.2305523,0.5691273,0.0739899,S1
569708.5076,328890.7513,324264.3959,213098.1148,131351.781,84287.85519,42156.31108,24289.13447,0.4050791,0.230559833,0.569176333,0.0739963,S1
569708.2925,328896.7875,324268.1344,213103.5531,131342.0964,84276.29868,42160.95428,24279.13825,0.4050445,0.2305429,0.569183133,0.074004467,S1
569690.8137,328950.0817,324248.8733,213111.4742,131358.5934,84263.77853,42158.00887,24271.46606,0.4051197,0.230579,0.569166733,0.0740016,S1
569670.8251,328980.7245,324214.1617,213111.3536,131351.7529,84270.29101,42146.80251,24262.29754,0.405141767,0.230575067,0.5691258,0.073984533,S1
569659.8899,329019.4536,324212.5874,213091.6004,131350.9827,84280.31451,42148.68248,24260.88251,0.405141367,0.230578133,0.569133967,0.073989267,S1
569674.6565,329027.4098,324214.4145,213106.4461,131308.9676,84228.29474,42152.93599,24256.86231,0.4050093,0.230498433,0.569122467,0.0739948,S1
569648.5842,328965.3415,324146.7544,213125.0857,131325.8687,84158.83356,42161.82246,24255.12547,0.4051454,0.2305386,0.5690299,0.074013767,S1
569630.1052,329010.0916,324148.1857,213111.7185,131326.1891,84188.99608,42145.9239,24250.51421,0.405144633,0.2305466,0.569050867,0.073988267,S1
569572.2066,329114.8926,324154.685,213095.0848,131322.0281,84067.52707,42162.67112,24270.03416,0.405123567,0.230562733,0.569119833,0.074025133,S1
569589.1162,329111.0442,324162.1596,213077.279,131325.0388,84079.53124,42150.21574,24268.04654,0.4051235,0.230561167,0.569116067,0.074001067,S1
569612.3898,329096.5236,324177.3984,213040.402,131291.0585,84132.01052,42132.21712,24248.90571,0.4049995,0.230492167,0.569119633,0.073966467,S1
569621.2135,329085.8731,324174.0056,213010.8925,131309.6434,84152.90843,42144.70035,24262.40919,0.4050612,0.2305212,0.5691049,0.073987233,S1
569630.1328,329069.6462,324195.7879,212995.5339,131282.6121,84147.12615,42146.31401,24259.33263,0.404950767,0.230470167,0.569134233,0.0739889,S1
569636.2915,329071.7361,324171.8928,212990.4675,131291.7367,84197.06076,42153.27913,24259.82886,0.4050091,0.2304837,0.569086133,0.074000333,S1
569687.7225,328979.1393,324153.1286,213010.0225,131283.4892,84202.33702,42155.71675,24265.17143,0.405007033,0.230448433,0.5690017,0.073997967,S1
569691.2969,328996.2878,324149.1309,212992.9152,131263.8246,84221.03176,42148.37329,24260.00611,0.404951433,0.230412433,0.5689911,0.0739846,S1
569678.2882,329025.858,324102.8917,213049.9349,131246.8632,84222.10939,42148.61549,24270.89834,0.404956933,0.230387933,0.568922933,0.0739867,S1
569703.0577,328989.0533,324094.1758,213044.2544,131268.2153,84241.75924,42147.8386,24258.7729,0.405033867,0.230415333,0.568883,0.073982133,S1
569724.9984,328961.8211,324087.518,213024.4037,131195.3999,84352.88913,42127.47494,24246.5944,0.404817767,0.2302787,0.5688494,0.073943567,S1
569733.1775,328960.0728,324064.8821,213016.9515,131200.8545,84365.42911,42143.41465,24248.09846,0.4048629,0.230284967,0.568801567,0.073970467,S1
569755.2061,328941.7796,324043.1259,213050.77,131204.0023,84369.05533,42137.11244,24242.6916,0.4048998,0.2302816,0.568741433,0.073956567,S1
569818.2318,328865.1752,324036.2679,213034.365,131172.5158,84372.41458,42134.09932,24239.21149,0.404811233,0.230200833,0.568666367,0.0739431,S1
569873.6084,328811.4327,324001.9776,213088.0864,131169.2189,84363.56874,42124.4977,24225.30195,0.4048441,0.230172633,0.568551,0.073919033,S1
569876.1687,328822.6406,324009.7431,213061.8969,131151.6702,84405.78845,42106.9999,24217.41161,0.4047802,0.2301408,0.568562067,0.073888033,S1
569889.3948,328816.1766,324019.0369,213045.4402,131135.8624,84418.87893,42099.4037,24223.08563,0.4047197,0.2301077,0.5685652,0.073873,S1
569875.7838,328824.9874,324010.395,213087.1051,131094.6558,84429.76939,42089.39039,24210.82809,0.404603533,0.2300409,0.568563633,0.0738572,S1
569889.4385,328819.5112,323926.0996,213155.9247,131099.2324,84423.66019,42091.56555,24198.83965,0.404721867,0.230043433,0.568402067,0.073859233,S1
569879.8918,328864.1847,323883.4911,213151.732,131118.8971,84425.93945,42104.70456,24202.77011,0.4048355,0.230081833,0.5683368,0.073883567,S1
569927.0034,328800.5365,323858.658,213106.642,131192.642,84414.39776,42105.03669,24210.9558,0.405094767,0.2301921,0.568246533,0.073878067,S1
569926.792,328781.0103,323858.8309,213129.2703,131205.867,84372.00015,42102.07309,24219.21536,0.405135367,0.2302154,0.568247067,0.073872867,S1
569959.2449,328712.101,323817.616,213150.84,131259.3064,84374.38411,42119.36668,24211.42402,0.405351733,0.2302961,0.568142233,0.073899033,S1
569988.7813,328697.5008,323834.3015,213131.1664,131255.8048,84369.31954,42106.2464,24220.50541,0.405320133,0.230278067,0.568142033,0.073872233,S1
570041.3442,328597.5235,323850.546,213125.7927,131223.9776,84417.12833,42105.41377,24222.32431,0.405201367,0.230200933,0.568118167,0.073863933,S1
570059.6794,328569.2746,323849.4029,213148.8511,131239.457,84399.66382,42112.71697,24226.74798,0.405250533,0.230220667,0.568097867,0.073874367,S1
570093.3334,328491.9257,323847.6084,213159.7288,131244.3607,84443.63067,42123.60734,24230.22728,0.405267933,0.2302157,0.568061167,0.0738891,S1
570084.1467,328463.642,323844.1812,213157.4354,131252.6943,84465.62334,42114.58172,24233.61064,0.405297967,0.230234,0.5680643,0.073874467,S1
570074.1916,328495.9862,323825.5998,213144.4961,131287.1662,84479.54222,42109.00174,24236.67492,0.405427833,0.230298533,0.5680416,0.073865967,S1
570074.0878,328461.1911,323829.211,213122.1752,131287.8119,84544.10795,42110.93796,24228.3309,0.4054253,0.2302997,0.568048033,0.0738694,S1
570121.7656,328351.0185,323848.7083,213109.5802,131281.7523,84595.42721,42103.61642,24230.97658,0.405382133,0.230269767,0.568034733,0.073850367,S1
570095.7927,328380.1889,323835.2048,213120.7374,131251.2232,84579.61067,42110.03013,24225.03427,0.4053048,0.2302267,0.568036967,0.073865,S1
570070.7256,328391.6326,323846.5885,213150.5335,131258.7131,84560.1794,42115.60798,24225.5013,0.4053137,0.230249933,0.568081933,0.073878033,S1
570054.6233,328411.9571,323864.234,213135.5429,131242.6763,84515.70111,42107.71161,24222.48951,0.405242033,0.230228333,0.568128967,0.073866267,S1
570047.2027,328417.1935,323844.2866,213162.2673,131268.5354,84580.07254,42098.55867,24214.17326,0.405346567,0.2302767,0.568101367,0.073851167,S1
570048.0623,328394.3834,323879.6902,213131.07,131264.1498,84576.60707,42093.17394,24210.60423,0.4052884,0.230268667,0.5681627,0.0738416,S1
570024.7992,328428.5798,323869.5681,213093.9882,131296.0414,84563.01481,42081.89099,24223.14042,0.405399467,0.230334067,0.568168167,0.0738248,S1
570038.52,328396.1861,323865.2806,213109.7613,131289.2494,84533.57556,42075.1417,24235.00702,0.405383867,0.230316633,0.568146933,0.073811167,S1
570047.4972,328370.7112,323909.4189,213065.6471,131300.2308,84473.42649,42074.90903,24230.41967,0.405362567,0.230332267,0.568215433,0.0738096,S1
570013.9063,328423.5369,323926.1195,213047.6017,131250.9335,84489.23964,42047.92543,24236.68476,0.4051894,0.2302594,0.5682782,0.0737666,S1
570007.0842,328429.6589,323892.5055,213094.9054,131260.923,84435.13912,42053.51466,24233.56129,0.405262067,0.230279667,0.568226033,0.0737773,S1
569990.9996,328445.2996,323934.8622,213068.3229,131225.5964,84415.56224,42041.35014,24235.75223,0.405100433,0.230224133,0.5683164,0.073758033,S1
569985.3617,328425.404,323958.6434,213051.5153,131225.3319,84425.68689,42052.01814,24226.19139,0.4050699,0.230225933,0.568363733,0.073777467,S1
569945.7777,328427.6651,323936.4282,213087.9634,131250.3383,84407.30023,42054.15691,24224.71637,0.405174867,0.2302858,0.568364233,0.073786333,S1
569905.4893,328463.5108,323976.9962,213031.3777,131272.5956,84372.04459,42053.87889,24215.69016,0.4051926,0.230341167,0.568475533,0.073791067,S1
569887.3847,328469.6292,323976.6121,213038.7422,131269.424,84334.27171,42061.93331,24219.30432,0.4051833,0.2303429,0.568492933,0.073807533,S1
569875.2222,328473.4919,324000.9702,213022.9229,131264.8096,84285.44007,42080.03841,24224.94014,0.405138667,0.2303397,0.568547833,0.0738409,S1
569869.0015,328489.0734,323983.9279,213016.9116,131287.4373,84253.78415,42097.79311,24228.91866,0.4052297,0.230381933,0.568524133,0.073872867,S1
569875.6586,328487.3292,323962.3043,213052.4334,131303.7485,84212.75419,42099.31362,24239.5696,0.405307167,0.230407833,0.5684796,0.073874667,S1
569907.3581,328412.1428,323971.889,213073.9346,131305.9033,84193.96816,42090.26327,24238.34652,0.405301833,0.2303988,0.5684648,0.073854667,S1
569853.482,328470.4427,324026.3173,213052.5457,131251.9979,84158.36872,42086.76073,24247.92202,0.405067067,0.230326067,0.568613767,0.0738555,S1
569860.9365,328486.0219,324021.0888,213030.1417,131196.1084,84189.87224,42085.7116,24248.50553,0.404901033,0.230224967,0.568597133,0.0738527,S1
569831.2402,328549.8651,324059.3146,212999.3208,131162.1996,84195.59886,42071.65233,24247.84726,0.4047485,0.230177467,0.568693933,0.073831867,S1
569788.9216,328580.8401,324042.0144,212997.8484,131161.8145,84232.03159,42077.4926,24236.99087,0.404768867,0.230193833,0.5687058,0.073847567,S1
569776.0315,328597.4248,324063.4711,212975.9372,131144.8391,84216.78533,42067.65359,24237.85514,0.4046898,0.230169233,0.568756267,0.073831967,S1
569778.466,328604.7738,324053.6002,212974.9773,131121.1705,84235.77219,42058.98917,24240.6122,0.4046291,0.230126767,0.568736567,0.073816467,S1
569751.0845,328639.8351,324065.6674,212973.2378,131102.4182,84159.11416,42055.62732,24246.37628,0.4045561,0.2301049,0.568785033,0.073814133,S1
569736.8792,328669.0818,324058.2793,212970.1452,131107.9313,84127.81708,42060.57814,24253.56662,0.404582367,0.230120333,0.568786233,0.073824667,S1
569731.8009,328690.0297,324065.654,212969.4353,131055.1693,84152.85884,42056.99571,24250.47546,0.4044101,0.230029767,0.568804267,0.073819033,S1
569741.6016,328698.0592,324058.9824,212971.2488,131070.8751,84083.23888,42066.96096,24255.1969,0.404466867,0.230053367,0.568782767,0.073835233,S1
569707.1313,328777.0162,324064.7197,212949.7529,131082.1734,84067.95361,42070.31528,24250.83043,0.404494533,0.230087133,0.5688272,0.0738456,S1
569740.8232,328736.9894,324045.4746,212989.2479,131081.7704,84071.34846,42068.64583,24264.00384,0.404517333,0.230072867,0.568759867,0.0738383,S1
569757.3608,328720.6706,324038.9387,212956.7615,131078.4841,84114.02059,42061.15744,24261.98157,0.404515333,0.230060433,0.5687319,0.073823,S1
569783.5368,328686.0875,324017.1374,212981.2983,131113.0145,84092.02657,42065.95643,24257.97196,0.4046494,0.2301104,0.568667533,0.073828033,S1
569778.409,328702.6767,323998.3252,212996.3663,131091.4428,84065.31528,42083.95812,24270.78886,0.4046063,0.2300746,0.5686396,0.0738603,S1
569796.665,328673.4338,324029.5605,212980.065,131065.7978,84030.65871,42087.50659,24271.4342,0.4044883,0.230022167,0.568676167,0.073864167,S1
569797.8601,328672.7937,324008.4451,213014.2102,131046.1934,84044.44115,42101.09395,24274.2495,0.404454233,0.229987233,0.5686379,0.073887867,S1
569797.8116,328676.9723,323984.6145,213019.774,131066.6853,84043.1242,42095.83623,24273.02305,0.404547267,0.2300232,0.568596133,0.073878667,S1
569798.2956,328667.6258,324001.8332,213050.5968,131044.3919,84047.01953,42085.77917,24264.95926,0.404457167,0.2299839,0.568625867,0.073860967,S1
569791.7832,328665.8268,324021.9512,213047.0439,131081.1684,84029.5434,42101.87204,24268.78597,0.404545467,0.2300511,0.5686677,0.073890067,S1
569808.2387,328648.0029,324056.3675,213072.8222,131120.5398,84074.19654,42106.84628,24271.68446,0.404623967,0.2301135,0.568711667,0.073896633,S1
569808.2903,328658.9742,324035.8882,213119.3592,131153.7656,84032.09253,42115.21424,24271.21937,0.404751767,0.2301718,0.568675667,0.073911333,S1
569798.9942,328682.2448,324061.0343,213082.6223,131151.9499,84049.52235,42113.63771,24276.73668,0.404714867,0.230172367,0.568729067,0.0739098,S1
569832.8412,328643.7959,324034.6111,213126.2252,131171.5441,84056.95877,42114.88759,24283.08129,0.404808833,0.230193033,0.568649,0.0739076,S1
569821.956,328639.6237,324044.6852,213136.599,131131.6357,84130.66188,42095.92519,24298.20598,0.404673233,0.230127367,0.568677567,0.0738757,S1
569814.6447,328653.3248,324019.1708,213161.6157,131155.3125,84145.49429,42097.27341,24302.70993,0.404778333,0.2301719,0.568640067,0.073879,S1
569829.9998,328639.9802,324007.9636,213190.5524,131149.7939,84152.27726,42092.05248,24287.86141,0.404775267,0.230156033,0.568605067,0.073867833,S1
569824.0006,328638.3481,324006.0593,213205.0037,131151.4404,84161.29555,42080.65665,24292.88399,0.404782733,0.230161333,0.568607733,0.0738486,S1
569804.2069,328652.2304,324058.5101,213139.0496,131176.4714,84188.24602,42081.43671,24287.68192,0.4047942,0.230213267,0.568719467,0.073852533,S1
569768.241,328704.9412,324038.509,213156.1416,131186.5949,84245.87429,42084.47279,24292.07995,0.404850567,0.2302456,0.5687202,0.0738625,S1
569774.263,328698.1797,324033.9545,213160.2504,131204.8937,84229.69338,42084.6843,24273.90381,0.4049126,0.2302753,0.568706167,0.073862067,S1
569780.208,328679.6592,324038.8359,213150.6524,131233.0313,84241.46927,42080.53843,24276.67625,0.4049934,0.230322267,0.5687088,0.073854033,S1
569813.7437,328612.2883,323993.4792,213184.9726,131250.3509,84247.53667,42080.52357,24278.89718,0.405103633,0.2303391,0.568595667,0.073849667,S1
569833.3647,328595.1892,323982.8944,213203.659,131236.127,84239.57517,42077.55302,24281.50864,0.4050729,0.230306233,0.568557533,0.0738419,S1
569804.9432,328634.8989,323972.8903,213218.0419,131261.241,84252.64077,42081.83484,24272.24751,0.405162767,0.230361767,0.568568367,0.0738531,S1
569793.5928,328640.728,323991.1278,213195.3914,131250.2116,84244.4407,42087.18631,24266.4052,0.4051061,0.230346967,0.568611633,0.073863933,S1
569786.4488,328662.6118,323998.5125,213168.9299,131251.1371,84275.23504,42078.27751,24257.67242,0.405099733,0.230351467,0.568631733,0.0738492,S1
569800.5429,328640.2943,324025.2118,213150.8938,131228.7776,84268.04654,42074.85417,24259.48449,0.404997433,0.230306533,0.568664533,0.073841333,S1
569806.5993,328620.2121,324038.073,213168.0166,131199.9763,84254.53761,42072.50859,24252.00594,0.404892533,0.230253533,0.568681067,0.073836433,S1
569790.2584,328628.0461,324047.1593,213187.124,131175.7396,84290.2246,42068.04562,24257.13937,0.404806467,0.2302176,0.568713367,0.073830733,S1
569796.0311,328603.64,324022.5271,213202.1955,131182.6358,84276.19134,42058.45183,24253.27158,0.404858733,0.230227367,0.568664367,0.073813133,S1
569781.1495,328616.1251,324022.9845,213189.5946,131184.8684,84296.48018,42053.58769,24232.69318,0.404865067,0.230237267,0.568679967,0.073806533,S1
569768.9784,328628.2909,324013.0234,213205.0223,131185.8618,84298.37277,42069.98835,24231.00966,0.404880567,0.2302439,0.568674633,0.0738369,S1
569752.4106,328645.9133,324041.9253,213203.6808,131131.7307,84271.55111,42071.25052,24230.02637,0.4046772,0.230155633,0.568741867,0.073841267,S1
569784.5579,328591.2196,324056.6295,213171.1072,131154.4936,84235.11744,42061.52767,24231.85369,0.404729133,0.2301826,0.568735633,0.073820033,S1
569759.7852,328670.6344,324020.5782,213185.6299,131156.2603,84253.10295,42060.5753,24223.36555,0.404779467,0.230195733,0.5686971,0.073821567,S1
569767.0977,328652.2903,324029.1925,213167.7169,131152.2442,84271.89051,42048.65618,24214.74368,0.404756233,0.230185733,0.568704933,0.0737997,S1
569753.6019,328664.1637,324048.5343,213188.2627,131122.4319,84275.66351,42054.9771,24210.66093,0.404640033,0.230138867,0.568752333,0.073812533,S1
569736.2424,328690.6529,324034.246,213153.5378,131144.0833,84327.25731,42055.06756,24214.6221,0.4047245,0.230183867,0.568744633,0.073814933,S1
569737.5838,328690.5169,323982.581,213210.471,131103.6836,84404.5283,42048.29563,24209.18339,0.404664367,0.230112367,0.568652567,0.073802867,S1
569692.1473,328751.787,323976.6106,213146.1342,131085.5582,84387.76339,42036.99992,24212.58641,0.404615933,0.230098967,0.568687467,0.073788933,S1
569683.0551,328747.3834,323963.3295,213135.309,131131.4787,84506.95502,42024.57091,24214.83386,0.404774333,0.2301833,0.568673233,0.073768267,S1
569673.8509,328792.2712,323963.8315,213167.8859,131128.1501,84472.84056,42016.38522,24206.00736,0.404763467,0.2301812,0.568683333,0.073755067,S1
569646.4565,329035.447,323994.0888,213115.9302,131129.3088,84489.81346,42014.52871,24204.46204,0.404728833,0.230194367,0.5687637,0.073755367,S1
569667.0152,329011.704,323958.2186,213135.3738,131168.5325,84443.755,42032.21029,24200.49004,0.404894833,0.2302549,0.568680167,0.073783767,S1
569677.014,328984.1038,323974.7968,213123.4984,131156.4239,84494.64374,42030.99159,24179.21903,0.4048366,0.2302296,0.5686993,0.073780333,S3
569663.0764,329003.4414,323978.4984,213124.922,131158.3221,84487.92741,42019.92213,24190.90611,0.404837833,0.230238533,0.5687197,0.0737627,S3
569673.7478,328982.8577,323977.5502,213138.0417,131132.3647,84518.42719,42025.00637,24182.76172,0.404758867,0.230188667,0.568707367,0.073770267,S3
569691.8708,328958.2473,323952.9132,213149.535,131113.2903,84505.40602,42015.4636,24183.80086,0.404730933,0.230147867,0.568646067,0.0737512,S2
569716.1812,328930.6637,323966.6933,213134.5012,131094.3032,84416.2989,42010.65657,24179.75804,0.404654967,0.2301047,0.568646033,0.073739633,S2
569713.137,328945.4941,323975.7659,213131.8712,131071.2588,84408.36997,42006.49781,24181.75206,0.4045727,0.230065467,0.568665,0.073732733,S2
569705.7946,328957.9474,323961.8342,213143.219,131075.8133,84368.65162,42014.78852,24185.35056,0.4046042,0.230076433,0.568647867,0.073748233,S2
569709.3897,328954.6798,323979.051,213134.9237,131055.2419,84367.56049,42012.43181,24182.22028,0.404519033,0.2300389,0.568674467,0.073743633,S2
569700.8473,328957.6503,323992.7205,213109.4918,131092.3198,84348.85071,42017.53198,24174.76829,0.404616467,0.230107433,0.568706967,0.0737537,S2
569722.3854,328939.1726,323979.8713,213112.16,131077.315,84342.55254,42009.49457,24179.80053,0.4045862,0.2300724,0.5686629,0.0737368,S2
569706.3038,328959.5926,323955.0368,213135.5824,131082.5688,84371.08517,42006.07157,24184.3103,0.404633233,0.2300881,0.5686354,0.0737329,S2
569735.521,328911.4369,323947.8006,213153.0206,131083.748,84331.31122,42015.87255,24188.34463,0.4046459,0.2300784,0.568593567,0.073746333,S2
569731.0015,328908.8362,323939.2697,213150.1905,131101.3846,84347.77621,42019.21284,24188.7243,0.4047109,0.230111167,0.5685831,0.0737528,S2
569722.5366,328923.1097,323926.1613,213138.7812,131111.8366,84388.24277,42026.68069,24194.85492,0.404759433,0.230132933,0.568568533,0.073767,S2
569724.2592,328928.7413,323917.6441,213158.4741,131101.5292,84338.06005,42021.64022,24192.65538,0.404738233,0.230114133,0.568551833,0.073757933,S2
569724.9554,328927.7513,323924.5103,213163.2867,131077.2478,84332.23222,42027.26183,24195.05031,0.404654567,0.230071233,0.5685632,0.0737677,S2
569722.7979,328925.8927,323951.721,213144.9451,131063.5555,84287.81577,42041.64694,24210.4313,0.404578333,0.230048067,0.568613067,0.0737932,S2
569716.2675,328945.2448,323925.2007,213182.7988,131057.1677,84288.95861,42032.27495,24215.23272,0.404591733,0.2300395,0.568573,0.0737776,S2
569720.0538,328928.1111,323920.3654,213187.4114,131096.9216,84270.80922,42026.81623,24215.09578,0.404720367,0.230107733,0.568560733,0.073767533,S2
569694.7295,328991.3475,323916.2752,213201.3077,131072.7148,84295.78168,42018.23075,24199.26513,0.404650733,0.230075467,0.5685788,0.073755733,S2
569707.5162,328930.668,323927.6032,213211.0362,131080.6325,84263.40058,42023.06673,24195.67414,0.404661,0.2300842,0.568585933,0.073762567,S2
569713.1554,328925.0068,323925.9925,213206.7039,131065.7449,84261.77645,42036.41356,24194.1294,0.404617,0.2300558,0.568577467,0.073785233,S2
569718.2922,328909.2437,323930.376,213188.2481,131073.6511,84246.05226,42048.26867,24195.40306,0.404635933,0.2300676,0.568580033,0.073805367,S2
569725.2167,328893.8743,323910.1532,213210.2763,131076.6597,84263.23494,42047.57053,24199.60886,0.404670467,0.2300701,0.5685376,0.073803233,S2
569745.5774,328874.2118,323911.8532,213201.1507,131081.2942,84189.00368,42050.67637,24201.94884,0.404682667,0.230070067,0.568520333,0.073806067,S2
569772.2887,328863.0956,323886.5497,213226.4008,131058.7683,84154.07698,42053.61654,24194.54864,0.4046447,0.230019733,0.568449267,0.073807767,S2
569760.927,328885.894,323895.5549,213211.0419,131001.8832,84060.27764,42067.54872,24188.78399,0.4044578,0.2299244,0.568476433,0.073833733,S2
569774.0792,328837.6956,323858.5305,213199.9235,130997.7521,84068.88785,42078.06686,24197.92629,0.404491133,0.229911833,0.5683983,0.0738505,S3
569769.7447,328626.4123,323870.1459,213175.0098,130959.0735,84074.57297,42074.78504,24206.02824,0.4043571,0.229845633,0.568423033,0.0738453,S3
569766.5105,328644.5416,323874.0473,213165.8337,130932.5521,84074.43262,42074.13194,24207.41994,0.4042702,0.2298004,0.5684331,0.073844567,S3
569764.7868,328648.1298,323875.4809,213157.2457,130924.9053,84016.76098,42076.62197,24227.24224,0.4042448,0.229787667,0.568437333,0.073849167,S3
569771.8243,328629.6077,323861.1508,213138.6941,130933.4512,84040.54207,42088.72737,24225.9827,0.404289067,0.229799833,0.568405167,0.0738695,S3
569752.9495,328676.8964,323861.406,213122.4537,130946.7254,84007.90557,42084.11713,24231.05172,0.404329733,0.229830767,0.568424467,0.073863833,S3
569717.0208,328732.3463,323837.1128,213154.2995,130939.2085,84015.49918,42093.32254,24228.74153,0.404336967,0.2298321,0.568417667,0.073884633,S3
569705.527,328761.0712,323848.2224,213125.6609,130936.3617,84044.81405,42095.11403,24230.90747,0.404314333,0.229831733,0.568448633,0.073889267,S3
569699.6241,328760.5964,323816.1573,213125.8328,130962.0189,84082.27286,42107.6972,24238.42023,0.4044334,0.229879167,0.568398267,0.073912133,S3
569698.2327,328773.9835,323819.8356,213125.1089,130947.1315,84080.47942,42098.47561,24229.69229,0.4043828,0.2298536,0.568406133,0.073896133,S3
569698.9891,328772.1322,323815.8268,213126.8251,130926.3113,84095.219,42098.14647,24234.11752,0.4043235,0.229816767,0.568398367,0.073895467,S3
569710.2368,328765.4243,323785.5204,213156.824,130919.7512,84109.67409,42093.50588,24242.3849,0.4043413,0.2298007,0.568333967,0.073885867,S3
569711.8093,328751.8916,323781.4246,213156.3699,130936.7364,84101.58134,42105.64357,24238.50034,0.4043989,0.229829867,0.568325233,0.073906967,S3
569722.8412,328770.04,323773.7548,213146.2468,130933.8272,84086.66348,42112.4168,24235.50606,0.404399467,0.229820333,0.568300767,0.0739174,S3
569707.6902,328780.0513,323768.0287,213161.156,130933.4607,84125.28952,42106.92536,24234.89711,0.404405467,0.2298258,0.5683058,0.073909733,S3
569685.7074,328817.7046,323781.0019,213160.9215,130934.7947,84111.60803,42101.83476,24230.98583,0.404393433,0.229837033,0.568350567,0.073903633,S3
569680.149,328815.6132,323799.3157,213157.5435,130947.6996,84051.13264,42096.92974,24230.37502,0.404410433,0.229861933,0.5683883,0.073895767,S3
569685.013,328807.7411,323803.7817,213135.3558,130971.887,84058.93871,42097.97244,24219.55434,0.404479467,0.229902467,0.5683913,0.073896967,S3
569675.7668,328810.1413,323821.3463,213134.8674,130969.4604,84057.46652,42092.91576,24215.27663,0.40445,0.229901933,0.568431333,0.0738893,S3
569675.008,328805.7023,323795.0801,213156.2346,130980.3998,84084.96292,42089.21308,24209.1357,0.404516533,0.229921433,0.568386033,0.0738829,S3
569688.7655,328779.2089,323811.8012,213122.0307,131009.3383,84053.35646,42084.21965,24209.12384,0.404585067,0.229966667,0.5684017,0.073872333,S3
569685.1315,328812.8063,323782.4851,213111.9536,130967.4326,84093.89689,42083.9117,24213.47169,0.404492367,0.2298946,0.568353867,0.073872233,S3
569681.3763,328800.8607,323772.0094,213125.648,130980.6689,84084.37061,42083.35538,24226.92671,0.404546333,0.229919367,0.568339233,0.073871767,S3
569682.7226,328807.3778,323784.1196,213114.8636,130968.6172,84095.4134,42076.52704,24238.34787,0.4044941,0.229897633,0.568359133,0.0738596,S3
569669.3492,328824.8338,323803.7013,213086.6056,130979.0434,84116.74193,42074.10159,24237.15026,0.404501867,0.229921333,0.568406867,0.0738571,S3
569666.0526,328843.7516,323804.0479,213082.9532,130988.188,84148.50008,42062.36777,24235.32668,0.404529633,0.2299387,0.568410767,0.073836933,S3
569670.8767,328852.3585,323804.6111,213074.2496,130981.4397,84095.04437,42065.0127,24231.89999,0.4045081,0.2299249,0.568406933,0.073840967,S3
569635.5119,328904.2472,323831.5279,213063.967,130982.1056,84060.73221,42068.82038,24235.06933,0.404476567,0.2299403,0.568489433,0.073852233,S3
569618.1938,328903.8387,323860.0331,213063.9412,130992.0761,84027.83537,42071.20513,24237.09764,0.404471833,0.229964767,0.568556733,0.073858667,S3
569636.7646,328893.4217,323862.2901,213052.8938,130986.6527,84032.32253,42063.24642,24239.97003,0.4044523,0.229947767,0.568542133,0.073842267,S3
569621.4633,328910.4817,323851.7792,213076.0284,130986.0007,84055.8012,42060.80829,24234.68158,0.4044634,0.2299528,0.568538933,0.073839967,S3
569649.485,328867.3178,323836.2238,213097.1013,130997.2978,84037.23035,42062.06129,24220.20575,0.404517733,0.229961333,0.568483667,0.073838533,S3
569661.5066,328845.2596,323838.748,213103.334,130976.24,84040.60215,42067.76258,24212.68166,0.404449533,0.229919533,0.568476133,0.073847,S3
569663.3172,328841.1157,323851.61,213107.587,130983.09,84027.86155,42065.35346,24211.16644,0.404454633,0.229930833,0.5684969,0.073842533,S3
569681.8775,328823.369,323836.8706,213136.4026,130991.879,83987.20409,42061.87854,24210.55797,0.404500267,0.229938767,0.568452533,0.073834033,S3
569697.9772,328782.0115,323821.7195,213168.1686,130980.3864,84018.29555,42056.02941,24215.91239,0.4044837,0.229912067,0.568409833,0.073821667,S3
569737.3691,328765.2133,323841.2326,213149.4703,130962.2077,84071.84081,42047.19108,24221.07218,0.4044031,0.2298643,0.5684048,0.073801067,S3
569756.8834,328723.0393,323821.0279,213175.3942,130949.2906,84094.32436,42047.9031,24213.49136,0.4043884,0.229833767,0.5683499,0.0737998,S3
569781.6603,328687.6426,323823.5185,213178.7986,130945.8584,84081.4543,42043.31791,24217.23022,0.4043747,0.229817733,0.568329567,0.073788533,S3
569785.6565,328682.9618,323809.1066,213185.388,130945.6071,84144.71817,42044.96304,24215.03465,0.404391933,0.229815667,0.568300267,0.0737909,S3
569780.766,328698.6578,323813.8921,213157.1618,130971.2513,84122.09806,42061.2754,24229.1669,0.404465167,0.229862633,0.568313533,0.073820133,S3
569770.8276,328711.1712,323862.0923,213099.8222,130969.2838,84100.70612,42071.55879,24224.84083,0.4043987,0.2298632,0.568408033,0.073839467,S3
569757.7462,328730.5185,323878.7664,213090.3765,130980.0505,84087.9172,42065.33509,24223.24595,0.404411067,0.2298874,0.568450333,0.073830233,S3
569735.5708,328743.5949,323886.487,213104.7209,130980.6294,84089.9777,42065.06208,24224.97471,0.404403267,0.229897333,0.568486,0.073832667,S3
569735.8482,328752.9562,323876.3876,213107.9554,130990.5181,84095.89934,42056.95787,24219.90444,0.404446467,0.229914567,0.568468,0.0738184,S3
569753.4142,328726.8681,323857.9326,213119.6137,130986.1119,84123.00603,42057.31481,24218.01238,0.404455867,0.229899733,0.568418033,0.073816767,S3
569745.5715,328775.0132,323811.7409,213136.793,130983.9484,84170.26652,42058.56678,24226.59362,0.404506933,0.2298991,0.5683447,0.073819967,S3
569745.2811,328769.3945,323803.8013,213145.5559,130984.2277,84181.79023,42049.02793,24230.75436,0.4045177,0.2298997,0.568331033,0.073803267,S3
569761.1955,328759.9659,323797.3127,213118.0456,130976.2979,84209.88848,42055.31965,24227.26098,0.404501333,0.229879367,0.568303767,0.073812233,S3
569788.0475,328734.0581,323836.5675,213077.7391,130988.4527,84174.11244,42050.16921,24242.92711,0.404489867,0.229889867,0.568345833,0.073799733,S3
569770.0783,328751.8359,323878.8877,213060.1795,130969.2565,84189.63494,42054.47443,24243.08788,0.4043778,0.229863433,0.568438067,0.073809633,S3
569736.177,328824.3429,323910.2533,213036.4875,130958.5394,84192.09761,42052.95797,24246.48551,0.404305633,0.229858267,0.568527033,0.0738114,S3
569721.8952,328847.6386,323929.4014,213018.9101,130941.9436,84175.70095,42066.1021,24247.0281,0.4042305,0.229834867,0.568574933,0.073836333,S3
569724.3059,328833.2184,323904.4291,213048.5548,130934.6082,84194.77894,42063.37341,24244.75561,0.404238933,0.229821033,0.5685287,0.073831233,S3
569737.9018,328816.3869,323892.054,213069.279,130932.3202,84171.19035,42061.58699,24241.08364,0.404247333,0.229811533,0.5684934,0.073826333,S3
569732.74,328817.4645,323884.5111,213073.441,130923.8636,84145.76997,42065.50788,24236.83776,0.404230667,0.229798767,0.568485333,0.0738339,S3
569727.107,328821.3444,323894.9065,213061.6468,130943.3091,84162.36959,42060.50343,24237.73613,0.404277667,0.229835167,0.5685092,0.073825833,S3
569756.3442,328772.233,323895.9089,213048.5498,130939.483,84173.22383,42046.25094,24238.01805,0.404264633,0.229816667,0.568481767,0.073797033,S3
569754.8338,328765.7803,323892.0739,213031.8398,130939.6249,84221.60863,42051.66995,24237.91486,0.404269833,0.229817533,0.568476533,0.073806767,S3
569752.3937,328758.0837,323869.173,213058.5769,130952.1869,84222.22772,42048.12829,24233.68125,0.404337167,0.229840567,0.568438767,0.073800867,S3
569748.3597,328779.1753,323893.6426,213048.2596,130935.2443,84186.43099,42044.72034,24229.76439,0.404254433,0.229812433,0.5684858,0.0737954,S3
569727.9104,328810.075,323897.2856,213050.7407,130945.5394,84193.48717,42042.80962,24232.80801,0.4042817,0.229838767,0.568512567,0.0737947,S3
569717.5593,328817.1056,323914.7536,213030.8567,130959.8424,84186.62896,42038.98876,24242.18078,0.404304067,0.229868033,0.568553533,0.073789333,S3
569728.757,328818.583,323909.3614,213016.9446,130933.9178,84250.31455,42037.64769,24230.01031,0.404230767,0.229818033,0.5685329,0.073785533,S3
569706.3652,328842.365,323933.0093,212999.2503,130907.1252,84308.6759,42032.82389,24227.75103,0.404118433,0.229780067,0.5685967,0.073779967,S3
569714.0835,328834.1912,323964.0985,212951.4457,130916.6795,84291.25618,42031.32613,24217.45172,0.404109133,0.229793733,0.568643567,0.073776367,S3
569681.7964,328862.5897,323965.133,212952.0716,130935.7237,84205.04177,42036.7071,24211.50559,0.404166633,0.229840167,0.5686776,0.073789967,S3
569664.578,328889.8392,323978.6617,212934.9153,130975.255,84190.52173,42034.70078,24220.52734,0.4042718,0.229916467,0.568718467,0.073788667,S3
569636.4117,328937.1087,323981.281,212924.956,130969.0962,84168.02065,42045.12232,24223.58215,0.4042495,0.229917033,0.568751133,0.0738106,S3
569630.0237,328922.663,323987.6532,212936.9281,130993.7855,84105.53446,42045.68537,24243.18267,0.404317867,0.229962967,0.5687687,0.0738124,S3
569628.093,328906.1408,323993.1739,212959.5239,130986.8096,84106.35287,42041.13477,24215.37804,0.404289433,0.2299515,0.5687803,0.073804667,S3
569648.8181,328865.6045,323970.0898,213011.0417,130957.8049,84140.58577,42030.07004,24222.93922,0.4042287,0.229892267,0.568719133,0.073782567,S3
569645.2335,328869.593,323949.8355,213032.7257,130939.5711,84181.00381,42031.0044,24232.4948,0.404197733,0.2298617,0.568687133,0.073784667,S3
569667.5161,328844.9617,323940.6793,213011.5726,130966.3127,84159.18682,42025.82009,24229.68214,0.4042918,0.229899633,0.568648833,0.073772667,S3
569664.0555,328844.7125,323951.3529,212999.0446,130956.106,84144.20146,42033.0825,24235.14953,0.4042469,0.229883133,0.568671033,0.073785867,S3
569648.9404,328852.0664,323966.9452,212996.1349,130952.0044,84131.77455,42037.06779,24231.45823,0.404214833,0.229882033,0.568713533,0.073794833,S3
569713.0732,328741.4337,323998.0469,212985.9346,130943.2007,84111.50502,42031.68488,24227.01084,0.404148733,0.229840767,0.568704233,0.0737771,S3
569711.8723,328748.507,324002.3703,212990.2661,130936.4574,84096.22759,42048.04754,24234.08221,0.404122567,0.2298294,0.568713033,0.073805967,S3
569699.1446,328750.6755,324007.981,212997.0903,130941.185,84111.47455,42040.82356,24233.01282,0.404130133,0.229842833,0.5687356,0.073794933,S3
569675.1985,328801.5778,323974.5425,213036.4793,130926.2566,84150.27428,42050.44771,24222.15548,0.404125767,0.2298263,0.568700833,0.0738149,S3
569690.86,328791.1667,323936.1967,213057.2648,130915.2893,84160.28065,42046.32123,24215.16415,0.404139667,0.229800733,0.568617867,0.073805633,S3
569729.4754,328696.2078,323933.8562,213078.3666,130918.9381,84163.52905,42043.49273,24205.16336,0.404153833,0.2297916,0.568575133,0.073795633,S3
569747.4455,328669.6597,323922.5643,213081.3978,130927.7265,84165.08023,42032.34788,24193.54852,0.404195033,0.2297998,0.568537333,0.073773733,S3
569740.1198,328691.8634,323909.1401,213080.1413,130939.598,84160.11267,42037.80203,24191.93017,0.4042485,0.2298236,0.568521067,0.073784267,S3
569733.0527,328696.1427,323925.8296,213075.4597,130920.3636,84166.4361,42032.54969,24205.84724,0.404168367,0.2297927,0.568557433,0.073775967,S3
569745.6983,328670.046,323924.9554,213083.639,130938.5649,84198.79687,42025.05842,24212.52037,0.4042256,0.229819567,0.568543267,0.073761167,S3
569788.4978,328627.6355,323879.6771,213125.1378,130903.7137,84198.13007,42032.14695,24229.09424,0.404174633,0.2297412,0.5684213,0.073768067,S3
